Field,Label,Value
id,Dataset ID,5efad450-8b15-4867-b7b3-8a25b455eed8
title,Title of Dataset,Sudan - Conflict Events
name,Dataset URL,sudan-acled-conflict-data
notes,Description,"A weekly dataset providing the total number of reported political violence, civilian-targeting, and demonstration events in Sudan. Note: These are aggregated data files organized by country-year and country-month. To access full event data, please register to use the Data Export Tool and API on the ACLED website."
dataset_source,Source,Armed Conflict Location & Event Data Project (ACLED)
organization,Contributor,Armed Conflict Location & Event Data Project (ACLED)
dataset_date,Reference Period,[1997-01-01T00:00:00 TO 2025-07-25T23:59:59]
last_modified,Updated,2025-07-31T09:34:30.508022
data_update_frequency,Expected Update Frequency,Every week
groups,Location,Sudan
license_title,License,Other
methodology,Methodology,Other
methodology_other,Define Methodology,"Please review the [ACLED Codebook](https://acleddata.com/download/2827) for more information about event definitions, sub-event definitions, and coding methodology. For more information about our fatality and sourcing methodology, please review our [Fatality FAQs](https://acleddata.com/acleddatanew/wp-content/uploads/dlm_uploads/2020/02/FAQs_-ACLED-Fatality-Methodology_2020.pdf) and [Sourcing FAQs](https://acleddata.com/acleddatanew/wp-content/uploads/dlm_uploads/2020/02/FAQs_ACLED-Sourcing-Methodology.pdf). Time period coverage varies by country and region, so please consult the ACLED [Coverage List](https://acleddata.com/download/4404/). For more methodology resources, click [here](https://acleddata.com/resources/general-guides/)."
caveats,Caveats/Comments,
tags,Tags,conflict-violence
resource_1_created,Created,2021-12-15T01:28:17.966021
resource_1_description,Description,"A weekly dataset providing the total number of reported political violence events and fatalities in Sudan broken down by month. Political violence events include ACLED’s battles, violence against civilians, and explosions/remote violence event types, as well as the mob violence sub-event type of the riots event type."
resource_1_format,File Format,XLSX
resource_1_download_url,Download URL,https://data.humdata.org/dataset/5efad450-8b15-4867-b7b3-8a25b455eed8/resource/cebc4989-f114-4b7e-9f7b-ce1c6476bb00/download/sudan_hrp_political_violence_events_and_fatalities_by_month-year_as-of-31jul2025.xlsx
resource_1_id,Resource ID,cebc4989-f114-4b7e-9f7b-ce1c6476bb00
resource_1_last_modified,Updated,2025-07-31T09:34:30.122044
resource_1_metadata_modified,Metadata Updated,2025-07-31T09:34:56.756350
resource_1_microdata,Microdata,False
resource_1_dataset_id,Dataset ID,5efad450-8b15-4867-b7b3-8a25b455eed8
resource_1_resource_type,Resource Type,file.upload
resource_1_name,Resource Name,sudan_HRP_political_violence_events_and_fatalities_by_month-year
resource_1_mimetype,MIME Type,application/vnd.openxmlformats-officedocument.spreadsheetml.sheet
resource_1_size,Size,2.9M
resource_2_created,Created,2021-12-15T01:28:17.966028
resource_2_description,Description,A weekly dataset providing the total number of reported civilian targeting events and fatalities in Sudan broken down by month. Civilian targeting events include violence against civilians events and explosions/remote violence events in which civilians were directly targeted.
resource_2_format,File Format,XLSX
resource_2_download_url,Download URL,https://data.humdata.org/dataset/5efad450-8b15-4867-b7b3-8a25b455eed8/resource/3352a0d8-2996-4e70-b618-3be58699be7f/download/sudan_hrp_civilian_targeting_events_and_fatalities_by_month-year_as-of-31jul2025.xlsx
resource_2_id,Resource ID,3352a0d8-2996-4e70-b618-3be58699be7f
resource_2_last_modified,Updated,2025-07-31T09:34:30.323394
resource_2_metadata_modified,Metadata Updated,2025-07-31T09:34:55.979024
resource_2_microdata,Microdata,False
resource_2_dataset_id,Dataset ID,5efad450-8b15-4867-b7b3-8a25b455eed8
resource_2_resource_type,Resource Type,file.upload
resource_2_name,Resource Name,sudan_HRP_civilian_targeting_events_and_fatalities_by_month-year
resource_2_mimetype,MIME Type,application/vnd.openxmlformats-officedocument.spreadsheetml.sheet
resource_2_size,Size,2.9M
resource_3_created,Created,2021-12-15T01:28:17.966032
resource_3_description,Description,"A weekly dataset providing the total number of reported demonstration events in Sudan broken down by month. Demonstration events include ACLED’s protests and riots event types, with the exception of the mob violence sub-event type of the riots event type."
resource_3_format,File Format,XLSX
resource_3_download_url,Download URL,https://data.humdata.org/dataset/5efad450-8b15-4867-b7b3-8a25b455eed8/resource/d31ea704-2681-4434-b5ac-1d83fbb152f6/download/sudan_hrp_demonstration_events_by_month-year_as-of-31jul2025.xlsx
resource_3_id,Resource ID,d31ea704-2681-4434-b5ac-1d83fbb152f6
resource_3_last_modified,Updated,2025-07-31T09:34:30.508022
resource_3_metadata_modified,Metadata Updated,2025-07-31T09:34:43.760194
resource_3_microdata,Microdata,False
resource_3_dataset_id,Dataset ID,5efad450-8b15-4867-b7b3-8a25b455eed8
resource_3_resource_type,Resource Type,file.upload
resource_3_name,Resource Name,sudan_HRP_demonstration_events_by_month-year
resource_3_mimetype,MIME Type,application/vnd.openxmlformats-officedocument.spreadsheetml.sheet
resource_3_size,Size,2.6M
